level,score,mode,n_posts
0,0,quickplay,56174
0,1,quickplay,52321
0,2,quickplay,43179
0,3,quickplay,29123
0,4,quickplay,15832
0,5,quickplay,6634
0,6,quickplay,2281
0,7,quickplay,638
0,8,quickplay,142
0,9,quickplay,34
0,10,quickplay,6
0,11,quickplay,3
0,12,quickplay,2
0,13,quickplay,2
0,14,quickplay,3
0,15,quickplay,1
1,0,level_mode,9
1,1,level_mode,2
1,2,level_mode,1
1,6,level_mode,1
1,7,level_mode,3
1,8,level_mode,2
1,9,level_mode,1
1,10,level_mode,6
1,11,level_mode,3
1,12,level_mode,3
1,13,level_mode,9
1,14,level_mode,17
1,15,level_mode,37
1,16,level_mode,56
1,17,level_mode,90
1,18,level_mode,74
1,19,level_mode,97
1,20,level_mode,121
1,21,level_mode,3415
2,0,level_mode,21
2,1,level_mode,21
2,2,level_mode,25
2,3,level_mode,36
2,4,level_mode,26
2,5,level_mode,35
2,6,level_mode,35
2,7,level_mode,50
2,8,level_mode,87
2,9,level_mode,185
2,10,level_mode,342
2,11,level_mode,971
2,12,level_mode,1212
2,13,level_mode,293
2,18,level_mode,1
3,0,level_mode,34
3,1,level_mode,33
3,2,level_mode,64
3,3,level_mode,85
3,4,level_mode,176
3,5,level_mode,320
3,6,level_mode,475
3,7,level_mode,675
3,8,level_mode,741
3,9,level_mode,360
3,10,level_mode,6
4,0,level_mode,231
4,1,level_mode,286
4,2,level_mode,340
4,3,level_mode,362
4,4,level_mode,430
4,5,level_mode,536
4,6,level_mode,394
4,7,level_mode,60
4,10,level_mode,1
4,14,level_mode,1
5,0,level_mode,799
5,1,level_mode,555
5,2,level_mode,389
5,3,level_mode,235
5,4,level_mode,69
5,5,level_mode,10
5,6,level_mode,5
5,9,level_mode,1
5,12,level_mode,1
6,0,level_mode,676
6,1,level_mode,480
6,2,level_mode,297
6,3,level_mode,173
6,4,level_mode,48
6,5,level_mode,3
6,12,level_mode,1
7,0,level_mode,497
7,1,level_mode,388
7,2,level_mode,330
7,3,level_mode,168
7,4,level_mode,23
7,5,level_mode,1
8,0,level_mode,471
8,1,level_mode,290
8,2,level_mode,210
8,3,level_mode,167
8,4,level_mode,55
8,5,level_mode,11
8,10,level_mode,1
9,0,level_mode,513
9,1,level_mode,251
9,2,level_mode,147
9,3,level_mode,68
9,4,level_mode,8
10,0,level_mode,425
10,1,level_mode,250
10,2,level_mode,204
10,3,level_mode,78
10,4,level_mode,19
10,10,level_mode,1
11,0,level_mode,3
11,4,level_mode,1
11,6,level_mode,1
11,7,level_mode,2
11,9,level_mode,3
11,10,level_mode,2
11,11,level_mode,17
11,12,level_mode,93
11,13,level_mode,164
11,14,level_mode,222
11,15,level_mode,263
11,16,level_mode,250
11,17,level_mode,21
12,2,level_mode,2
12,3,level_mode,1
12,4,level_mode,2
12,5,level_mode,6
12,6,level_mode,21
12,7,level_mode,48
12,8,level_mode,90
12,9,level_mode,192
12,10,level_mode,222
12,11,level_mode,212
12,12,level_mode,163
12,13,level_mode,55
12,14,level_mode,5
13,0,level_mode,1
13,1,level_mode,3
13,2,level_mode,6
13,3,level_mode,9
13,4,level_mode,21
13,5,level_mode,40
13,6,level_mode,75
13,7,level_mode,114
13,8,level_mode,142
13,9,level_mode,185
13,10,level_mode,218
13,11,level_mode,143
13,12,level_mode,38
14,0,level_mode,4
14,1,level_mode,4
14,2,level_mode,11
14,3,level_mode,20
14,4,level_mode,34
14,5,level_mode,46
14,6,level_mode,76
14,7,level_mode,115
14,8,level_mode,150
14,9,level_mode,197
14,10,level_mode,140
14,11,level_mode,123
14,12,level_mode,51
14,13,level_mode,8
15,0,level_mode,17
15,1,level_mode,26
15,2,level_mode,37
15,3,level_mode,58
15,4,level_mode,98
15,5,level_mode,132
15,6,level_mode,175
15,7,level_mode,204
15,8,level_mode,142
15,9,level_mode,65
15,10,level_mode,16
16,0,level_mode,73
16,1,level_mode,65
16,2,level_mode,111
16,3,level_mode,154
16,4,level_mode,140
16,5,level_mode,179
16,6,level_mode,126
16,7,level_mode,68
16,8,level_mode,25
16,9,level_mode,4
16,10,level_mode,1
17,0,level_mode,134
17,1,level_mode,131
17,2,level_mode,164
17,3,level_mode,190
17,4,level_mode,148
17,5,level_mode,81
17,6,level_mode,35
17,7,level_mode,17
17,8,level_mode,1
18,0,level_mode,278
18,1,level_mode,231
18,2,level_mode,151
18,3,level_mode,95
18,4,level_mode,50
18,5,level_mode,4
18,6,level_mode,6
19,0,level_mode,133
19,1,level_mode,130
19,2,level_mode,128
19,3,level_mode,160
19,4,level_mode,109
19,5,level_mode,79
19,6,level_mode,31
19,7,level_mode,11
20,0,level_mode,178
20,1,level_mode,163
20,2,level_mode,127
20,3,level_mode,145
20,4,level_mode,78
20,5,level_mode,40
20,6,level_mode,20
20,7,level_mode,3
21,2,level_mode,2
21,3,level_mode,1
21,4,level_mode,2
21,5,level_mode,16
21,6,level_mode,25
21,7,level_mode,43
21,8,level_mode,69
21,9,level_mode,99
21,10,level_mode,100
21,11,level_mode,131
21,12,level_mode,119
21,13,level_mode,85
21,14,level_mode,29
21,15,level_mode,8
21,16,level_mode,3
22,0,level_mode,1
22,1,level_mode,2
22,2,level_mode,11
22,3,level_mode,13
22,4,level_mode,39
22,5,level_mode,52
22,6,level_mode,77
22,7,level_mode,88
22,8,level_mode,125
22,9,level_mode,120
22,10,level_mode,93
22,11,level_mode,56
22,12,level_mode,35
22,13,level_mode,3
23,0,level_mode,1
23,1,level_mode,5
23,2,level_mode,11
23,3,level_mode,28
23,4,level_mode,35
23,5,level_mode,88
23,6,level_mode,123
23,7,level_mode,122
23,8,level_mode,133
23,9,level_mode,99
23,10,level_mode,38
23,11,level_mode,11
23,12,level_mode,3
24,0,level_mode,95
24,1,level_mode,79
24,2,level_mode,107
24,3,level_mode,112
24,4,level_mode,99
24,5,level_mode,78
24,6,level_mode,57
24,7,level_mode,30
24,8,level_mode,25
24,9,level_mode,6
24,10,level_mode,8
24,11,level_mode,2
25,0,level_mode,143
25,1,level_mode,108
25,2,level_mode,108
25,3,level_mode,98
25,4,level_mode,92
25,5,level_mode,62
25,6,level_mode,39
25,7,level_mode,19
25,8,level_mode,6
26,0,level_mode,202
26,1,level_mode,139
26,2,level_mode,117
26,3,level_mode,83
26,4,level_mode,48
26,5,level_mode,17
26,6,level_mode,5
26,7,level_mode,1
27,0,level_mode,255
27,1,level_mode,45
27,2,level_mode,11
27,3,level_mode,3
28,0,level_mode,90
28,1,level_mode,64
28,2,level_mode,57
28,3,level_mode,46
28,4,level_mode,33
28,5,level_mode,15
28,6,level_mode,5
28,7,level_mode,2
29,0,level_mode,161
29,1,level_mode,33
29,2,level_mode,12
29,3,level_mode,5
29,4,level_mode,2
30,0,level_mode,133
30,1,level_mode,75
30,2,level_mode,37
30,3,level_mode,22
30,4,level_mode,11
30,5,level_mode,1
