period,window_group,event_name,n_events,n_users
20180628,pre_window,session_start,1113,730
20180628,pre_window,user_engagement,19919,779
20180628,pre_window,post_score,2410,331
20180628,pre_window,level_end,761,107
20180628,pre_window,level_end_quickplay,5751,560
20180628,pre_window,screen_view,1857,1110
20180628,in_window,level_fail,34,6
20180628,pre_window,level_start,1088,129
20180628,pre_window,level_start_quickplay,8627,660
20180628,in_window,level_end,82,8
20180628,in_window,user_engagement,730,29
20180628,pre_window,level_fail,205,49
20180628,pre_window,use_extra_steps,67,25
20180628,pre_window,level_reset,172,44
20180628,in_window,post_score,55,12
20180628,in_window,level_start_quickplay,137,19
20180628,pre_window,level_complete,240,54
20180628,pre_window,no_more_extra_steps,42,24
20180628,in_window,session_start,44,27
20180628,in_window,challenge_a_friend,3,1
20180628,pre_window,level_retry,383,79
20180628,pre_window,completed_5_levels,12,12
20180628,pre_window,level_retry_quickplay,587,135
20180628,pre_window,level_fail_quickplay,2367,335
20180628,pre_window,app_remove,31,31
20180628,pre_window,level_up,225,51
20180628,in_window,level_retry,55,9
20180628,pre_window,os_update,52,52
20180628,pre_window,level_complete_quickplay,263,20
20180628,pre_window,firebase_campaign,17,13
20180628,pre_window,level_reset_quickplay,2005,137
20180628,pre_window,app_update,40,40
20180628,in_window,level_end_quickplay,106,16
20180628,in_window,level_fail_quickplay,58,10
20180628,pre_window,select_content,158,29
20180628,in_window,screen_view,42,27
20180627,pre_window,level_retry_quickplay,336,84
20180627,pre_window,level_reset_quickplay,532,48
20180627,in_window,screen_view,1496,44
20180627,in_window,level_end_quickplay,69,16
20180627,pre_window,level_end_quickplay,2863,253
20180627,pre_window,user_engagement,10912,345
20180627,pre_window,level_retry,227,38
20180627,pre_window,session_start,497,325
20180627,in_window,use_extra_steps,2,2
20180627,in_window,level_end,167,19
20180627,in_window,select_content,94,41
20180627,pre_window,level_start_quickplay,4118,287
20180627,pre_window,level_start,353,49
20180627,pre_window,post_score,1820,253
20180627,pre_window,level_complete_quickplay,1659,224
20180627,pre_window,level_fail_quickplay,1205,142
20180627,pre_window,level_complete,141,29
20180627,pre_window,no_more_extra_steps,12,10
20180627,pre_window,app_exception,21,15
20180627,pre_window,level_end,260,46
20180627,pre_window,select_content,1038,311
20180627,pre_window,screen_view,19647,340
20180627,pre_window,spend_virtual_currency,42,19
20180627,in_window,session_start,54,41
20180627,in_window,level_start,211,21
20180627,pre_window,app_remove,13,13
20180627,in_window,level_fail,52,7
20180627,in_window,level_complete,111,17
20180627,in_window,level_retry,160,17
20180627,pre_window,challenge_a_friend,15,5
20180627,in_window,post_score,142,31
20180627,in_window,level_up,115,19
20180627,pre_window,level_fail,99,25
20180627,pre_window,completed_5_levels,6,6
20180627,in_window,level_start_quickplay,102,25
20180627,pre_window,os_update,13,13
20180627,in_window,user_engagement,948,44
20180627,pre_window,firebase_campaign,10,5
20180627,in_window,first_open,25,25
20180627,in_window,firebase_campaign,34,17
20180619,pre_window,level_complete,565,65
20180619,pre_window,level_start,1260,113
20180619,pre_window,post_score,3871,392
20180619,pre_window,user_engagement,14006,553
20180619,pre_window,select_content,405,68
20180619,pre_window,level_retry,813,81
20180619,pre_window,completed_5_levels,24,20
20180619,in_window,level_retry,96,10
20180619,pre_window,level_reset_quickplay,2528,96
20180619,pre_window,level_retry_quickplay,323,74
20180619,pre_window,session_start,706,448
20180619,pre_window,level_fail,302,63
20180619,pre_window,level_fail_quickplay,2094,291
20180619,pre_window,level_end_quickplay,4829,458
20180619,pre_window,use_extra_steps,79,30
20180619,pre_window,level_end,958,104
20180619,in_window,screen_view,81,31
20180619,in_window,use_extra_steps,5,2
20180619,in_window,no_more_extra_steps,4,4
20180619,pre_window,screen_view,5030,1125
20180619,pre_window,level_up,587,66
20180619,pre_window,app_remove,49,49
20180619,pre_window,level_complete_quickplay,735,71
20180619,in_window,firebase_campaign,2,1
20180619,in_window,app_exception,1,1
20180619,pre_window,level_reset,134,35
20180619,pre_window,level_start_quickplay,7597,458
20180619,in_window,session_start,41,28
20180619,pre_window,os_update,58,58
20180619,in_window,level_fail,71,10
20180619,pre_window,ad_reward,28,14
20180619,in_window,user_engagement,1287,30
20180619,in_window,level_retry_quickplay,43,6
20180619,in_window,level_fail_quickplay,82,13
20180619,in_window,level_reset_quickplay,23,7
20180619,pre_window,app_exception,68,12
20180619,pre_window,app_update,37,37
20180622,pre_window,level_fail_quickplay,1112,160
20180622,pre_window,user_engagement,9739,355
20180622,in_window,level_complete_quickplay,54,20
20180622,in_window,level_end_quickplay,131,27
20180622,in_window,post_score,219,38
20180622,in_window,level_up,165,21
20180622,pre_window,level_complete_quickplay,1639,219
20180622,pre_window,level_start_quickplay,4328,292
20180622,pre_window,session_start,499,338
20180622,pre_window,completed_5_levels,10,10
20180622,pre_window,level_retry,241,38
20180622,in_window,screen_view,2390,58
20180622,in_window,session_start,73,50
20180622,pre_window,screen_view,18129,350
20180622,pre_window,level_end,284,44
20180622,pre_window,post_score,1863,249
20180622,in_window,level_complete,158,19
20180622,pre_window,spend_virtual_currency,23,11
20180622,in_window,level_end,218,24
20180622,in_window,level_fail,53,15
20180622,in_window,level_retry_quickplay,28,12
20180622,in_window,level_retry,203,21
20180622,in_window,select_content,142,50
20180622,pre_window,level_reset,17,10
20180622,pre_window,app_remove,19,19
20180622,pre_window,select_content,793,312
20180622,pre_window,level_end_quickplay,2750,261
20180622,pre_window,level_retry_quickplay,189,70
20180622,in_window,user_engagement,1546,60
20180622,in_window,level_start,287,28
20180622,pre_window,level_fail,59,27
20180622,pre_window,level_reset_quickplay,1154,66
20180622,pre_window,os_update,20,20
20180622,in_window,level_fail_quickplay,77,21
20180622,in_window,level_start_quickplay,196,32
20180622,pre_window,level_up,225,32
20180622,in_window,firebase_campaign,48,25
20180622,pre_window,app_exception,24,11
20180622,in_window,level_reset,31,11
20180622,pre_window,error,11,6
20180622,pre_window,challenge_a_friend,5,2
20180622,in_window,level_reset_quickplay,40,11
20180622,pre_window,use_extra_steps,18,8
20180622,pre_window,level_complete,216,29
20180622,in_window,first_open,36,36
20180625,in_window,level_up,24,8
20180625,in_window,post_score,40,11
20180625,in_window,session_start,54,31
20180625,pre_window,session_start,1147,747
20180625,pre_window,level_end_quickplay,6126,594
20180625,pre_window,screen_view,1695,1125
20180625,pre_window,user_engagement,20694,815
20180625,in_window,level_complete,24,8
20180625,pre_window,post_score,2468,346
20180625,pre_window,level_start_quickplay,8139,680
20180625,pre_window,level_up,267,48
20180625,pre_window,level_start,881,120
20180625,pre_window,level_complete,277,51
20180625,pre_window,level_retry,416,74
20180625,pre_window,level_reset_quickplay,1317,135
20180625,pre_window,level_reset,64,25
20180625,pre_window,level_fail_quickplay,2488,373
20180625,pre_window,level_fail,189,47
20180625,in_window,level_retry,79,11
20180625,in_window,use_extra_steps,5,4
20180625,pre_window,level_complete_quickplay,233,20
20180625,pre_window,use_extra_steps,66,23
20180625,pre_window,app_remove,28,28
20180625,pre_window,level_retry_quickplay,576,143
20180625,pre_window,completed_5_levels,15,15
20180625,in_window,screen_view,60,33
20180625,in_window,level_fail_quickplay,79,14
20180625,in_window,level_start,128,14
20180625,in_window,level_fail,63,10
20180625,in_window,level_end,94,14
20180625,in_window,level_reset,13,4
20180625,pre_window,os_update,73,73
20180625,in_window,no_more_extra_steps,5,4
20180625,pre_window,level_end,679,103
20180625,pre_window,select_content,105,34
20180625,pre_window,app_update,52,52
20180625,pre_window,no_more_extra_steps,41,25
20180625,pre_window,firebase_campaign,23,16
20180625,in_window,level_reset_quickplay,15,5
20180625,pre_window,ad_reward,32,15
20180625,in_window,user_engagement,926,30
20180701,pre_window,user_engagement,20540,789
20180701,pre_window,level_fail_quickplay,2363,347
20180701,in_window,level_end,112,11
20180701,in_window,session_start,44,26
20180701,in_window,level_fail_quickplay,47,11
20180701,in_window,level_start_quickplay,152,15
20180701,pre_window,level_reset,63,29
20180701,pre_window,level_end_quickplay,5715,559
20180701,in_window,screen_view,43,28
20180701,pre_window,level_start,1054,134
20180701,pre_window,session_start,1116,727
20180701,pre_window,level_start_quickplay,8063,642
20180701,pre_window,level_retry_quickplay,477,134
20180701,pre_window,level_retry,532,89
20180701,pre_window,no_more_extra_steps,39,22
20180701,pre_window,post_score,2543,335
20180701,pre_window,screen_view,1835,1120
20180701,pre_window,level_end,854,116
20180701,in_window,user_engagement,823,26
20180701,in_window,level_complete,50,7
20180701,in_window,level_retry,90,9
20180701,in_window,level_start,128,12
20180701,pre_window,level_reset_quickplay,1521,111
20180701,pre_window,level_complete,333,67
20180701,pre_window,ad_reward,28,9
20180701,pre_window,level_fail,253,56
20180701,pre_window,level_up,333,67
20180701,pre_window,use_extra_steps,67,24
20180701,pre_window,app_exception,14,13
20180701,pre_window,app_remove,32,32
20180701,pre_window,firebase_campaign,13,12
20180701,pre_window,spend_virtual_currency,2,1
20180701,pre_window,os_update,70,70
20180701,pre_window,select_content,82,31
20180701,pre_window,level_complete_quickplay,142,16
20180701,pre_window,app_update,52,52
20180630,pre_window,level_start_quickplay,8328,665
20180630,in_window,post_score,123,10
20180630,in_window,level_retry,51,7
20180630,in_window,user_engagement,1146,38
20180630,pre_window,user_engagement,19901,797
20180630,pre_window,level_end,724,105
20180630,pre_window,level_retry_quickplay,527,122
20180630,pre_window,session_start,1134,741
20180630,pre_window,level_end_quickplay,5941,572
20180630,pre_window,level_start,942,124
20180630,pre_window,level_retry,454,70
20180630,pre_window,screen_view,1725,1091
20180630,pre_window,post_score,2386,305
20180630,pre_window,ad_reward,27,13
20180630,in_window,session_start,71,37
20180630,in_window,level_reset_quickplay,120,7
20180630,pre_window,os_update,77,77
20180630,pre_window,level_complete,270,46
20180630,pre_window,level_fail,227,63
20180630,pre_window,level_up,269,45
20180630,pre_window,level_fail_quickplay,2157,355
20180630,in_window,level_start,96,15
20180630,pre_window,app_exception,9,8
20180630,pre_window,completed_5_levels,13,13
20180630,pre_window,level_reset_quickplay,1726,127
20180630,pre_window,challenge_a_friend,12,5
20180630,pre_window,app_remove,21,21
20180630,pre_window,app_update,47,47
20180630,pre_window,select_content,69,33
20180630,in_window,level_end,64,11
20180630,in_window,level_start_quickplay,367,24
20180630,in_window,level_end_quickplay,207,21
20180630,pre_window,firebase_campaign,8,8
20180630,in_window,screen_view,77,42
20180630,in_window,no_more_extra_steps,4,3
20180630,pre_window,level_reset,81,29
20180630,pre_window,level_complete_quickplay,240,26
20180629,pre_window,user_engagement,9810,424
20180629,in_window,level_fail_quickplay,144,26
20180629,in_window,level_up,123,25
20180629,pre_window,post_score,2064,301
20180629,pre_window,session_start,560,388
20180629,pre_window,level_reset_quickplay,592,61
20180629,pre_window,level_retry_quickplay,186,87
20180629,pre_window,level_complete_quickplay,1916,274
20180629,pre_window,level_end_quickplay,2900,306
20180629,pre_window,select_content,905,363
20180629,pre_window,screen_view,18186,418
20180629,pre_window,level_start_quickplay,3937,345
20180629,pre_window,level_fail_quickplay,984,163
20180629,pre_window,level_fail,61,25
20180629,in_window,post_score,203,41
20180629,in_window,user_engagement,1720,61
20180629,in_window,level_complete_quickplay,80,21
20180629,in_window,session_start,75,54
20180629,in_window,select_content,176,54
20180629,in_window,screen_view,2675,60
20180629,in_window,level_end_quickplay,224,30
20180629,in_window,level_fail,48,12
20180629,pre_window,level_retry,182,41
20180629,in_window,level_complete,90,17
20180629,in_window,level_retry,129,21
20180629,pre_window,level_start,296,57
20180629,in_window,level_start_quickplay,322,37
20180629,in_window,use_extra_steps,7,5
20180629,in_window,level_start,229,31
20180629,pre_window,os_update,35,35
20180629,pre_window,level_up,148,35
20180629,pre_window,spend_virtual_currency,53,20
20180629,pre_window,level_end,209,50
20180629,pre_window,app_exception,35,17
20180629,pre_window,app_update,20,20
20180629,pre_window,use_extra_steps,43,15
20180629,in_window,level_end,171,27
20180629,pre_window,challenge_a_friend,2,2
20180629,in_window,no_more_extra_steps,2,2
20180629,pre_window,level_complete,136,31
20180629,pre_window,app_remove,11,11
20180629,in_window,firebase_campaign,54,27
20180629,in_window,first_open,42,42
20180626,pre_window,use_extra_steps,80,33
20180626,pre_window,no_more_extra_steps,43,25
20180626,in_window,level_fail,22,6
20180626,pre_window,level_start_quickplay,7898,653
20180626,pre_window,post_score,2645,334
20180626,pre_window,level_retry,632,84
20180626,pre_window,level_complete,375,61
20180626,pre_window,level_fail_quickplay,2314,343
20180626,pre_window,screen_view,1718,1098
20180626,in_window,user_engagement,429,26
20180626,pre_window,session_start,1142,709
20180626,pre_window,level_retry_quickplay,581,124
20180626,pre_window,app_exception,9,9
20180626,pre_window,level_end_quickplay,5955,557
20180626,in_window,screen_view,30,27
20180626,in_window,level_retry,53,7
20180626,pre_window,level_end,905,113
20180626,pre_window,level_up,367,57
20180626,pre_window,level_fail,322,65
20180626,pre_window,user_engagement,20912,769
20180626,pre_window,level_reset,168,41
20180626,pre_window,level_reset_quickplay,1125,111
20180626,pre_window,level_start,1220,122
20180626,in_window,level_start,70,8
20180626,in_window,post_score,42,11
20180626,pre_window,os_update,68,68
20180626,pre_window,completed_5_levels,25,24
20180626,pre_window,app_update,44,44
20180626,pre_window,app_remove,21,21
20180626,pre_window,app_clear_data,1,1
20180626,pre_window,level_complete_quickplay,245,31
20180626,pre_window,in_app_purchase,1,1
20180626,pre_window,select_content,158,38
20180626,pre_window,firebase_campaign,23,18
20180626,in_window,os_update,2,2
20180621,pre_window,session_start,446,303
20180621,pre_window,post_score,1682,238
20180621,pre_window,use_extra_steps,33,11
20180621,pre_window,level_start_quickplay,4320,270
20180621,pre_window,screen_view,17562,327
20180621,pre_window,level_end_quickplay,2652,240
20180621,pre_window,select_content,842,288
20180621,pre_window,level_retry_quickplay,176,63
20180621,in_window,level_retry_quickplay,20,6
20180621,pre_window,level_start,366,53
20180621,in_window,level_end_quickplay,84,21
20180621,pre_window,level_complete,159,27
20180621,pre_window,level_reset,45,12
20180621,pre_window,user_engagement,9786,333
20180621,pre_window,level_complete_quickplay,1510,214
20180621,pre_window,level_end,243,44
20180621,in_window,level_end,322,26
20180621,in_window,level_retry,307,23
20180621,pre_window,level_retry,214,35
20180621,pre_window,level_fail_quickplay,1142,145
20180621,in_window,level_start_quickplay,180,36
20180621,pre_window,os_update,19,19
20180621,pre_window,challenge_a_friend,2,1
20180621,in_window,screen_view,2686,54
20180621,in_window,spend_virtual_currency,61,13
20180621,in_window,app_remove,13,13
20180621,pre_window,level_reset_quickplay,1184,52
20180621,in_window,completed_5_levels,14,12
20180621,in_window,select_content,155,48
20180621,in_window,level_up,220,24
20180621,pre_window,app_remove,19,19
20180621,in_window,user_engagement,1763,56
20180621,in_window,level_complete,208,20
20180621,in_window,level_start,398,29
20180621,in_window,level_complete_quickplay,41,13
20180621,in_window,use_extra_steps,48,9
20180621,pre_window,level_up,172,30
20180621,in_window,post_score,261,31
20180621,in_window,level_fail_quickplay,43,15
20180621,pre_window,app_exception,46,14
20180621,pre_window,level_fail,71,27
20180621,in_window,session_start,63,49
20180621,in_window,level_reset_quickplay,57,21
20180621,pre_window,app_update,9,9
20180621,pre_window,error,5,4
20180621,in_window,firebase_campaign,62,31
20180621,in_window,first_open,38,38
20180620,pre_window,level_complete_quickplay,1534,198
20180620,pre_window,screen_view,18921,323
20180620,pre_window,user_engagement,10445,328
20180620,pre_window,select_content,876,283
20180620,pre_window,level_up,124,35
20180620,pre_window,session_start,470,305
20180620,pre_window,post_score,1658,231
20180620,pre_window,level_retry_quickplay,170,69
20180620,pre_window,level_start,280,49
20180620,pre_window,level_start_quickplay,4673,263
20180620,pre_window,level_end_quickplay,2892,228
20180620,in_window,level_complete,128,17
20180620,in_window,session_start,48,36
20180620,pre_window,app_exception,61,13
20180620,in_window,level_end,217,19
20180620,pre_window,os_update,25,25
20180620,pre_window,level_complete,107,30
20180620,pre_window,level_end,171,40
20180620,pre_window,level_retry,140,34
20180620,in_window,level_retry_quickplay,7,5
20180620,pre_window,use_extra_steps,29,8
20180620,pre_window,app_remove,20,20
20180620,in_window,select_content,103,36
20180620,in_window,user_engagement,1126,39
20180620,pre_window,level_fail,47,19
20180620,in_window,level_up,150,19
20180620,in_window,spend_virtual_currency,15,6
20180620,in_window,level_start,280,21
20180620,in_window,no_more_extra_steps,3,2
20180620,in_window,post_score,183,29
20180620,pre_window,level_fail_quickplay,1358,140
20180620,pre_window,level_reset_quickplay,1280,48
20180620,in_window,level_complete_quickplay,33,15
20180620,in_window,level_fail_quickplay,22,9
20180620,in_window,level_reset_quickplay,28,7
20180620,in_window,screen_view,1687,38
20180620,pre_window,app_update,14,14
20180620,in_window,first_open,34,34
20180620,in_window,firebase_campaign,52,26
20180618,pre_window,post_score,3166,397
20180618,pre_window,level_reset,141,35
20180618,pre_window,user_engagement,16890,553
20180618,pre_window,level_fail_quickplay,1812,202
20180618,pre_window,level_retry_quickplay,519,89
20180618,pre_window,level_complete,405,69
20180618,pre_window,level_start,1033,113
20180618,pre_window,completed_5_levels,20,20
20180618,pre_window,level_retry,633,80
20180618,pre_window,screen_view,6787,1185
20180618,pre_window,session_start,709,449
20180618,pre_window,level_start_quickplay,7156,407
20180618,in_window,level_start_quickplay,173,7
20180618,pre_window,level_reset_quickplay,1752,87
20180618,pre_window,app_exception,144,22
20180618,pre_window,level_end,741,102
20180618,pre_window,level_complete_quickplay,505,90
20180618,pre_window,os_update,55,55
20180618,pre_window,level_end_quickplay,4470,356
20180618,pre_window,select_content,454,72
20180618,in_window,app_exception,2,1
20180618,in_window,level_fail_quickplay,12,5
20180618,in_window,level_up,15,4
20180618,pre_window,level_up,372,69
20180618,pre_window,use_extra_steps,82,28
20180618,pre_window,ad_reward,53,25
20180618,in_window,user_engagement,654,13
20180618,in_window,post_score,155,7
20180618,pre_window,level_fail,281,63
20180618,pre_window,no_more_extra_steps,22,14
20180618,pre_window,spend_virtual_currency,10,3
20180618,in_window,use_extra_steps,2,1
20180618,in_window,level_complete,11,4
20180618,pre_window,app_remove,33,33
20180618,in_window,screen_view,265,29
20180618,pre_window,firebase_campaign,9,8
20180623,pre_window,screen_view,17535,378
20180623,pre_window,level_fail_quickplay,1011,170
20180623,pre_window,select_content,883,336
20180623,pre_window,level_up,211,40
20180623,pre_window,user_engagement,9708,384
20180623,pre_window,post_score,1796,284
20180623,in_window,level_fail_quickplay,83,24
20180623,in_window,level_end_quickplay,171,30
20180623,pre_window,level_reset_quickplay,997,63
20180623,pre_window,session_start,543,362
20180623,in_window,completed_5_levels,6,5
20180623,pre_window,level_end_quickplay,2596,283
20180623,in_window,screen_view,2726,54
20180623,in_window,user_engagement,1740,55
20180623,pre_window,level_complete,184,35
20180623,pre_window,level_fail,88,26
20180623,pre_window,level_complete_quickplay,1585,250
20180623,pre_window,challenge_a_friend,2,2
20180623,in_window,use_extra_steps,26,7
20180623,pre_window,ad_reward,4,4
20180623,pre_window,level_retry_quickplay,244,84
20180623,pre_window,level_start_quickplay,4093,322
20180623,pre_window,level_start,443,52
20180623,in_window,level_complete,112,18
20180623,pre_window,level_end,299,49
20180623,pre_window,spend_virtual_currency,39,16
20180623,in_window,ad_reward,4,1
20180623,in_window,level_start,318,23
20180623,in_window,challenge_a_friend,4,4
20180623,in_window,level_end,206,22
20180623,in_window,level_fail,82,14
20180623,pre_window,app_remove,18,18
20180623,in_window,level_retry,187,21
20180623,in_window,select_content,181,47
20180623,in_window,level_reset,66,11
20180623,in_window,session_start,71,49
20180623,in_window,level_reset_quickplay,247,9
20180623,in_window,level_retry_quickplay,28,17
20180623,in_window,level_complete_quickplay,88,19
20180623,pre_window,os_update,21,21
20180623,pre_window,app_exception,28,16
20180623,pre_window,use_extra_steps,23,12
20180623,in_window,firebase_campaign,40,20
20180623,in_window,first_open,32,32
20180623,pre_window,level_retry,256,43
20180624,in_window,select_content,156,48
20180624,pre_window,app_exception,22,15
20180624,pre_window,level_reset_quickplay,718,48
20180624,pre_window,screen_view,17464,323
20180624,pre_window,level_start,303,43
20180624,pre_window,select_content,679,281
20180624,pre_window,level_complete_quickplay,1654,205
20180624,pre_window,level_retry,194,34
20180624,pre_window,level_start_quickplay,3833,265
20180624,pre_window,level_fail_quickplay,1105,138
20180624,pre_window,level_end_quickplay,2759,233
20180624,pre_window,user_engagement,9528,330
20180624,pre_window,session_start,449,299
20180624,pre_window,level_fail,40,24
20180624,pre_window,level_retry_quickplay,174,58
20180624,in_window,level_up,167,23
20180624,in_window,level_start,314,26
20180624,pre_window,post_score,1828,236
20180624,in_window,post_score,268,34
20180624,in_window,level_complete,139,22
20180624,in_window,screen_view,3388,54
20180624,in_window,level_fail_quickplay,122,19
20180624,in_window,level_retry_quickplay,29,12
20180624,in_window,level_end,242,24
20180624,pre_window,app_remove,10,10
20180624,in_window,completed_5_levels,9,9
20180624,in_window,level_fail,75,11
20180624,in_window,user_engagement,2216,53
20180624,in_window,level_retry,206,23
20180624,in_window,session_start,72,49
20180624,pre_window,os_update,24,24
20180624,in_window,no_more_extra_steps,55,3
20180624,in_window,level_reset_quickplay,45,9
20180624,pre_window,app_update,17,17
20180624,in_window,app_remove,14,14
20180624,in_window,level_start_quickplay,306,33
20180624,in_window,first_open,32,31
20180624,pre_window,completed_5_levels,9,8
20180624,pre_window,level_reset,41,15
20180628,pre_window,ad_reward,56,21
20180628,in_window,app_remove,5,5
20180628,in_window,level_start,102,10
20180628,pre_window,app_exception,18,17
20180628,pre_window,in_app_purchase,2,2
20180628,in_window,app_update,1,1
20180627,in_window,level_fail_quickplay,42,13
20180627,in_window,level_complete_quickplay,27,12
20180627,pre_window,level_up,161,34
20180627,in_window,error,4,1
20180627,in_window,level_retry_quickplay,8,6
20180627,pre_window,error,14,7
20180619,in_window,level_end,165,13
20180619,in_window,level_start,213,14
20180619,in_window,app_remove,3,3
20180619,in_window,level_start_quickplay,270,21
20180619,in_window,level_reset,30,5
20180619,pre_window,no_more_extra_steps,17,8
20180619,in_window,first_open,10,10
20180622,pre_window,level_start,360,48
20180622,in_window,use_extra_steps,32,10
20180622,in_window,completed_5_levels,11,11
20180622,pre_window,app_clear_data,1,1
20180622,in_window,no_more_extra_steps,17,10
20180622,in_window,app_remove,13,13
20180622,pre_window,no_more_extra_steps,4,4
20180622,pre_window,app_update,21,21
20180625,in_window,completed_5_levels,1,1
20180625,pre_window,app_exception,8,7
20180625,pre_window,challenge_a_friend,4,3
20180625,in_window,app_remove,6,6
20180625,pre_window,error,1,1
20180701,in_window,post_score,110,13
20180701,in_window,level_up,50,7
20180701,pre_window,challenge_a_friend,2,2
20180701,pre_window,completed_5_levels,25,24
20180701,in_window,level_end_quickplay,125,13
20180630,pre_window,use_extra_steps,85,29
20180630,in_window,level_up,36,4
20180630,in_window,level_complete,36,4
20180630,in_window,level_retry_quickplay,28,5
20180630,pre_window,dynamic_link_first_open,1,1
20180630,pre_window,in_app_purchase,1,1
20180630,in_window,level_fail_quickplay,92,14
20180629,in_window,level_reset,24,7
20180629,in_window,completed_5_levels,4,4
20180629,in_window,level_reset_quickplay,48,7
20180629,pre_window,level_reset,22,11
20180629,in_window,level_retry_quickplay,32,12
20180629,in_window,spend_virtual_currency,9,7
20180629,pre_window,ad_reward,16,6
20180626,in_window,session_start,33,25
20180626,in_window,level_up,32,6
20180626,in_window,level_complete,32,6
20180626,pre_window,challenge_a_friend,7,4
20180626,in_window,level_start_quickplay,66,18
20180626,pre_window,ad_reward,33,14
20180626,in_window,level_end_quickplay,42,13
20180626,in_window,level_fail_quickplay,24,10
20180626,in_window,select_content,1,1
20180621,pre_window,completed_5_levels,6,6
20180621,in_window,level_fail,102,16
20180621,in_window,level_reset,39,13
20180621,in_window,ad_reward,12,3
20180621,in_window,no_more_extra_steps,19,8
20180621,in_window,app_exception,2,2
20180621,pre_window,spend_virtual_currency,37,14
20180621,pre_window,no_more_extra_steps,13,5
20180621,in_window,error,2,2
20180621,pre_window,firebase_campaign,2,1
20180621,in_window,dynamic_link_app_open,1,1
20180620,pre_window,ad_reward,9,3
20180620,pre_window,level_reset,31,10
20180620,pre_window,no_more_extra_steps,10,4
20180620,in_window,level_fail,67,9
20180620,in_window,level_retry,204,18
20180620,in_window,level_start_quickplay,110,25
20180620,in_window,app_remove,7,7
20180620,pre_window,error,9,5
20180620,in_window,level_end_quickplay,55,19
20180618,in_window,level_retry_quickplay,7,4
20180618,in_window,level_retry,37,7
20180618,in_window,app_remove,2,2
20180618,in_window,level_start,73,10
20180618,in_window,session_start,24,14
20180618,in_window,spend_virtual_currency,7,1
20180618,in_window,level_fail,29,5
20180618,pre_window,app_update,24,24
20180623,pre_window,level_reset,77,17
20180623,in_window,post_score,212,33
20180623,in_window,level_start_quickplay,455,37
20180623,pre_window,completed_5_levels,9,9
20180623,in_window,spend_virtual_currency,46,9
20180623,in_window,no_more_extra_steps,7,3
20180623,in_window,level_up,124,20
20180623,pre_window,no_more_extra_steps,7,6
20180623,in_window,os_update,2,2
20180623,pre_window,firebase_campaign,2,1
20180624,pre_window,level_end,214,42
20180624,pre_window,ad_reward,5,4
20180624,pre_window,level_complete,170,31
20180624,pre_window,challenge_a_friend,1,1
20180624,pre_window,no_more_extra_steps,4,3
20180624,in_window,spend_virtual_currency,104,8
20180624,pre_window,level_up,174,34
20180624,in_window,level_reset,29,10
20180624,pre_window,spend_virtual_currency,21,10
20180624,pre_window,error,12,5
20180624,in_window,level_complete_quickplay,101,15
20180624,in_window,level_end_quickplay,223,23
20180624,pre_window,use_extra_steps,21,10
20180624,in_window,firebase_campaign,48,24
20180628,in_window,level_reset_quickplay,17,5
20180628,in_window,level_up,22,6
20180628,in_window,level_reset,5,2
20180628,in_window,app_exception,1,1
20180628,pre_window,app_clear_data,1,1
20180627,in_window,level_reset_quickplay,9,7
20180627,in_window,completed_5_levels,6,6
20180627,in_window,app_remove,4,4
20180627,pre_window,level_reset,33,13
20180627,in_window,no_more_extra_steps,2,2
20180627,pre_window,ad_reward,8,7
20180627,pre_window,use_extra_steps,28,13
20180619,in_window,level_complete,36,4
20180619,in_window,level_up,36,4
20180619,in_window,post_score,150,6
20180619,in_window,select_content,3,2
20180619,pre_window,app_clear_data,1,1
20180622,pre_window,ad_reward,3,2
20180622,in_window,spend_virtual_currency,57,13
20180622,pre_window,firebase_campaign,2,1
20180625,in_window,level_start_quickplay,153,18
20180625,in_window,level_end_quickplay,112,16
20180625,pre_window,dynamic_link_first_open,1,1
20180701,in_window,level_retry_quickplay,6,4
20180701,in_window,challenge_a_friend,1,1
20180701,in_window,level_fail,42,5
20180701,in_window,completed_5_levels,1,1
20180630,pre_window,no_more_extra_steps,42,25
20180630,in_window,ad_reward,2,1
20180630,in_window,level_fail,20,5
20180630,in_window,level_reset,8,3
20180630,pre_window,spend_virtual_currency,1,1
20180629,pre_window,error,9,6
20180629,pre_window,completed_5_levels,8,6
20180629,in_window,app_remove,12,12
20180629,pre_window,no_more_extra_steps,16,8
20180626,in_window,level_reset,3,2
20180626,in_window,level_end,59,8
20180620,pre_window,completed_5_levels,3,3
20180620,in_window,use_extra_steps,3,1
20180620,in_window,completed_5_levels,8,6
20180620,in_window,level_reset,34,8
20180618,in_window,level_reset,9,5
20180618,in_window,select_content,24,1
20180623,pre_window,app_update,14,14
20180624,in_window,ad_reward,54,2
20180624,in_window,app_exception,10,3
20180628,in_window,os_update,1,1
20180627,in_window,spend_virtual_currency,5,3
20180627,pre_window,app_update,9,9
20180627,in_window,level_reset,18,5
20180619,pre_window,dynamic_link_app_open,1,1
20180619,pre_window,firebase_campaign,9,8
20180619,in_window,level_end_quickplay,229,16
20180622,in_window,ad_reward,10,3
20180622,in_window,app_exception,7,4
20180701,in_window,level_reset,5,3
20180629,in_window,app_exception,3,1
20180629,in_window,app_update,2,2
20180629,in_window,os_update,2,2
20180626,in_window,level_reset_quickplay,7,2
20180626,in_window,level_retry_quickplay,9,5
20180626,in_window,first_open,1,1
20180618,in_window,level_end_quickplay,154,6
20180618,pre_window,challenge_a_friend,4,3
20180618,in_window,no_more_extra_steps,1,1
20180623,pre_window,error,8,6
20180623,in_window,error,4,3
20180623,in_window,app_update,2,2
20180619,pre_window,spend_virtual_currency,2,2
20180625,in_window,level_retry_quickplay,11,4
20180701,in_window,level_reset_quickplay,6,3
20180630,in_window,app_exception,1,1
20180630,in_window,use_extra_steps,4,3
20180626,in_window,no_more_extra_steps,1,1
20180626,in_window,app_remove,1,1
20180626,in_window,use_extra_steps,1,1
20180621,in_window,dynamic_link_first_open,1,1
20180621,pre_window,in_app_purchase,1,1
20180620,pre_window,spend_virtual_currency,31,10
20180620,pre_window,challenge_a_friend,1,1
20180618,in_window,level_end,49,7
20180623,in_window,app_remove,5,5
20180625,in_window,ad_reward,2,1
20180629,in_window,challenge_a_friend,6,4
20180621,pre_window,ad_reward,11,4
20180620,in_window,ad_reward,2,1
20180620,in_window,error,1,1
20180620,pre_window,app_clear_data,1,1
20180620,pre_window,firebase_campaign,2,1
20180623,in_window,app_exception,1,1
20180624,in_window,use_extra_steps,100,6
20180619,pre_window,challenge_a_friend,1,1
20180630,in_window,app_remove,1,1
20180629,pre_window,firebase_campaign,2,1
20180626,pre_window,error,2,1
20180621,in_window,challenge_a_friend,2,1
20180621,in_window,challenge_accepted,1,1
20180618,in_window,os_update,1,1
20180624,in_window,error,3,3
20180628,in_window,level_retry_quickplay,4,3
20180628,in_window,level_complete,22,6
20180701,in_window,error,1,1
20180626,in_window,app_update,1,1
20180618,in_window,level_reset_quickplay,12,2
20180628,pre_window,challenge_a_friend,4,2
20180619,in_window,completed_5_levels,1,1
20180619,pre_window,dynamic_link_first_open,1,1
20180625,pre_window,dynamic_link_app_open,1,1
20180701,in_window,no_more_extra_steps,1,1
20180630,in_window,completed_5_levels,1,1
20180628,in_window,completed_5_levels,1,1
20180620,in_window,app_exception,1,1
20180627,in_window,os_update,1,1
stable_block,pre_window,app_exception,3602,478
stable_block,pre_window,level_fail_quickplay,85883,3429
stable_block,in_window,session_start,12994,3616
stable_block,in_window,level_up,18732,1894
stable_block,pre_window,user_engagement,798714,7065
stable_block,pre_window,screen_view,1493336,6966
stable_block,in_window,level_complete_quickplay,22114,1275
stable_block,in_window,level_fail_quickplay,19784,1605
stable_block,in_window,user_engagement,273482,3993
stable_block,in_window,level_end,27796,1906
stable_block,in_window,select_content,26139,3617
stable_block,in_window,post_score,40845,2578
stable_block,in_window,level_start_quickplay,62812,2783
stable_block,pre_window,app_remove,720,719
stable_block,pre_window,level_end_quickplay,230246,4641
stable_block,pre_window,session_start,46288,6388
stable_block,pre_window,level_end,14865,1558
stable_block,pre_window,use_extra_steps,4140,620
stable_block,pre_window,level_start_quickplay,346926,5448
stable_block,in_window,screen_view,458328,3959
stable_block,pre_window,spend_virtual_currency,4397,693
stable_block,in_window,level_end_quickplay,41897,1919
stable_block,pre_window,level_complete_quickplay,144349,3735
stable_block,pre_window,level_retry,11195,1165
stable_block,in_window,level_start,38092,2026
stable_block,in_window,level_retry,23300,1662
stable_block,in_window,level_reset,4974,959
stable_block,in_window,level_reset_quickplay,13755,1301
stable_block,pre_window,post_score,154774,4678
stable_block,in_window,no_more_extra_steps,1011,643
stable_block,in_window,level_complete,18366,1844
stable_block,pre_window,ad_reward,1072,146
stable_block,pre_window,level_retry_quickplay,18044,1457
stable_block,pre_window,os_update,2082,1932
stable_block,in_window,level_retry_quickplay,4951,955
stable_block,in_window,level_fail,9065,1006
stable_block,pre_window,no_more_extra_steps,1269,338
stable_block,pre_window,select_content,64633,6278
stable_block,in_window,completed_5_levels,1072,948
stable_block,pre_window,completed_5_levels,495,388
stable_block,pre_window,level_start,20365,1741
stable_block,in_window,app_remove,1422,1419
stable_block,in_window,firebase_campaign,4450,2218
stable_block,pre_window,level_reset_quickplay,83464,1561
stable_block,pre_window,app_update,1697,1615
stable_block,pre_window,level_complete,9830,1255
stable_block,in_window,first_open,3896,3894
stable_block,pre_window,level_fail,4445,848
stable_block,in_window,spend_virtual_currency,4032,1115
stable_block,in_window,app_exception,721,196
stable_block,pre_window,level_up,10421,1334
stable_block,in_window,use_extra_steps,3688,1016
stable_block,pre_window,firebase_campaign,344,175
stable_block,pre_window,level_reset,1844,481
stable_block,pre_window,error,1074,374
stable_block,in_window,os_update,246,234
stable_block,in_window,error,451,143
stable_block,pre_window,challenge_a_friend,195,100
stable_block,in_window,challenge_a_friend,237,106
stable_block,in_window,app_update,169,165
stable_block,in_window,ad_reward,404,125
stable_block,in_window,dynamic_link_first_open,12,12
stable_block,pre_window,challenge_accepted,1,1
stable_block,pre_window,app_clear_data,6,6
stable_block,in_window,in_app_purchase,16,16
stable_block,in_window,app_clear_data,6,5
stable_block,pre_window,notification_foreground,1,1
stable_block,in_window,dynamic_link_app_open,13,6
stable_block,in_window,challenge_accepted,3,2
stable_block,pre_window,dynamic_link_app_open,3,2
stable_block,pre_window,in_app_purchase,5,5
